{"cameraMode":{"drawMode":0,"name":"Shaded","section":"Shading Mode"},"sceneLighting":false,"audioPlay":false,"sceneViewState":{"showFog":true,"showMaterialUpdate":true,"showSkybox":false,"showFlares":true,"showImageEffects":true,"showParticleSystems":true},"in2DMode":false,"pivot":{"x":23.08794403076172,"y":-0.5954443216323853,"z":-4.812326431274414},"rotation":{"x":0.217890202999115,"y":0.5673769116401672,"z":-0.15883861482143403,"w":0.7781438827514648},"size":2.089737892150879,"orthographic":false}