{"cameraMode":{"drawMode":0,"name":"Shaded","section":"Shading Mode"},"sceneLighting":false,"audioPlay":false,"sceneViewState":{"showFog":true,"showMaterialUpdate":true,"showSkybox":false,"showFlares":true,"showImageEffects":true,"showParticleSystems":true},"in2DMode":false,"pivot":{"x":1.630615234375,"y":-0.19206345081329347,"z":13.599084854125977},"rotation":{"x":0.14306314289569856,"y":0.7382791638374329,"z":-0.1654602736234665,"w":0.6381471157073975},"size":1.974574089050293,"orthographic":false}