{"cameraMode":{"drawMode":0,"name":"Shaded","section":"Shading Mode"},"sceneLighting":true,"audioPlay":false,"sceneViewState":{"showFog":true,"showMaterialUpdate":true,"showSkybox":true,"showFlares":true,"showImageEffects":true,"showParticleSystems":true},"in2DMode":false,"pivot":{"x":24.646224975585939,"y":-0.7618104219436646,"z":-3.5566234588623049},"rotation":{"x":0.217890202999115,"y":0.5673769116401672,"z":-0.15883861482143403,"w":0.7781438827514648},"size":2.7129101753234865,"orthographic":false}