{"cameraMode":{"drawMode":0,"name":"Shaded","section":"Shading Mode"},"sceneLighting":false,"audioPlay":false,"sceneViewState":{"showFog":true,"showMaterialUpdate":true,"showSkybox":false,"showFlares":true,"showImageEffects":true,"showParticleSystems":true},"in2DMode":false,"pivot":{"x":24.646224975585939,"y":-0.7618104219436646,"z":-3.5566234588623049},"rotation":{"x":0.21584855020046235,"y":0.7014350295066834,"z":-0.2378973364830017,"w":0.636343240737915},"size":1.8129103183746338,"orthographic":false}