{"cameraMode":{"drawMode":0,"name":"Shaded","section":"Shading Mode"},"sceneLighting":true,"audioPlay":false,"sceneViewState":{"showFog":true,"showMaterialUpdate":true,"showSkybox":true,"showFlares":true,"showImageEffects":true,"showParticleSystems":true},"in2DMode":false,"pivot":{"x":24.374303817749025,"y":-0.8913272619247437,"z":-3.6856894493103029},"rotation":{"x":0.2053709775209427,"y":0.6007912755012512,"z":-0.1633460968732834,"w":0.755196213722229},"size":4.500613689422607,"orthographic":false}