{"cameraMode":{"drawMode":0,"name":"Shaded","section":"Shading Mode"},"sceneLighting":false,"audioPlay":false,"sceneViewState":{"showFog":true,"showMaterialUpdate":true,"showSkybox":false,"showFlares":true,"showImageEffects":true,"showParticleSystems":true},"in2DMode":false,"pivot":{"x":25.447898864746095,"y":-1.2512247562408448,"z":-4.808802604675293},"rotation":{"x":0.217890202999115,"y":0.5673769116401672,"z":-0.15883861482143403,"w":0.7781438827514648},"size":2.1562752723693849,"orthographic":false}