{"cameraMode":{"drawMode":0,"name":"Shaded","section":"Shading Mode"},"sceneLighting":true,"audioPlay":false,"sceneViewState":{"showFog":true,"showMaterialUpdate":true,"showSkybox":true,"showFlares":true,"showImageEffects":true,"showParticleSystems":true},"in2DMode":false,"pivot":{"x":23.20961570739746,"y":-0.19206345081329347,"z":-3.3249149322509767},"rotation":{"x":0.30028897523880007,"y":0.5511047840118408,"z":-0.22170792520046235,"w":0.7463820576667786},"size":1.974574327468872,"orthographic":false}