{"cameraMode":{"drawMode":0,"name":"Shaded","section":"Shading Mode"},"sceneLighting":true,"audioPlay":false,"sceneViewState":{"showFog":true,"showMaterialUpdate":true,"showSkybox":true,"showFlares":true,"showImageEffects":true,"showParticleSystems":true},"in2DMode":false,"pivot":{"x":25.471607208251954,"y":-1.5103724002838135,"z":-4.3824872970581059},"rotation":{"x":0.17832152545452119,"y":0.6808571219444275,"z":-0.1763724684715271,"w":0.6882249712944031},"size":5.257884502410889,"orthographic":false}